[{"model": "clusters.circle", "pk": 1, "fields": {"name": "Delivery"}}, {"model": "clusters.circle", "pk": 2, "fields": {"name": "Consulting"}}, {"model": "clusters.circle", "pk": 3, "fields": {"name": "Evolution of company"}}, {"model": "clusters.topic", "pk": 1, "fields": {"name": "Mobile", "circle": 1}}, {"model": "clusters.topic", "pk": 2, "fields": {"name": "Backend", "circle": 1}}, {"model": "clusters.topic", "pk": 3, "fields": {"name": "Frontend", "circle": 1}}, {"model": "clusters.topic", "pk": 4, "fields": {"name": "Cloud_Eng", "circle": 1}}, {"model": "clusters.topic", "pk": 5, "fields": {"name": "Training", "circle": 2}}, {"model": "clusters.topic", "pk": 6, "fields": {"name": "Coaching", "circle": 2}}, {"model": "clusters.topic", "pk": 7, "fields": {"name": "Accounting", "circle": 2}}, {"model": "clusters.topic", "pk": 8, "fields": {"name": "Transformation", "circle": 2}}, {"model": "clusters.topic", "pk": 9, "fields": {"name": "Customer Product", "circle": 2}}, {"model": "clusters.topic", "pk": 10, "fields": {"name": "Public Speaking", "circle": 3}}, {"model": "clusters.topic", "pk": 11, "fields": {"name": "Company Vision", "circle": 3}}, {"model": "clusters.topic", "pk": 12, "fields": {"name": "Recruitment", "circle": 3}}, {"model": "clusters.topic", "pk": 13, "fields": {"name": "Community Presence", "circle": 3}}, {"model": "clusters.dimension", "pk": 1, "fields": {"name": "Individual", "topic": 1}}, {"model": "clusters.dimension", "pk": 2, "fields": {"name": "Team", "topic": 1}}, {"model": "clusters.dimension", "pk": 3, "fields": {"name": "Cross-BU", "topic": 1}}, {"model": "clusters.dimension", "pk": 4, "fields": {"name": "Company", "topic": 1}}, {"model": "clusters.dimension", "pk": 5, "fields": {"name": "Individual", "topic": 2}}, {"model": "clusters.dimension", "pk": 6, "fields": {"name": "Team", "topic": 2}}, {"model": "clusters.dimension", "pk": 7, "fields": {"name": "Cross-BU", "topic": 2}}, {"model": "clusters.dimension", "pk": 8, "fields": {"name": "Company", "topic": 2}}, {"model": "clusters.dimension", "pk": 9, "fields": {"name": "Individual", "topic": 3}}, {"model": "clusters.dimension", "pk": 10, "fields": {"name": "Team", "topic": 3}}, {"model": "clusters.dimension", "pk": 11, "fields": {"name": "Cross-BU", "topic": 3}}, {"model": "clusters.dimension", "pk": 12, "fields": {"name": "Company", "topic": 3}}, {"model": "clusters.dimension", "pk": 13, "fields": {"name": "Individual", "topic": 4}}, {"model": "clusters.dimension", "pk": 14, "fields": {"name": "Team", "topic": 4}}, {"model": "clusters.dimension", "pk": 15, "fields": {"name": "Cross-BU", "topic": 4}}, {"model": "clusters.dimension", "pk": 16, "fields": {"name": "Company", "topic": 4}}, {"model": "clusters.dimension", "pk": 17, "fields": {"name": "Individual", "topic": 5}}, {"model": "clusters.dimension", "pk": 18, "fields": {"name": "Team", "topic": 5}}, {"model": "clusters.dimension", "pk": 19, "fields": {"name": "Cross-BU", "topic": 5}}, {"model": "clusters.dimension", "pk": 20, "fields": {"name": "Company", "topic": 5}}, {"model": "clusters.dimension", "pk": 21, "fields": {"name": "Individual", "topic": 6}}, {"model": "clusters.dimension", "pk": 22, "fields": {"name": "Team", "topic": 6}}, {"model": "clusters.dimension", "pk": 23, "fields": {"name": "Cross-BU", "topic": 6}}, {"model": "clusters.dimension", "pk": 24, "fields": {"name": "Company", "topic": 6}}, {"model": "clusters.dimension", "pk": 25, "fields": {"name": "Individual", "topic": 7}}, {"model": "clusters.dimension", "pk": 26, "fields": {"name": "Team", "topic": 7}}, {"model": "clusters.dimension", "pk": 27, "fields": {"name": "Cross-BU", "topic": 7}}, {"model": "clusters.dimension", "pk": 28, "fields": {"name": "Company", "topic": 7}}, {"model": "clusters.dimension", "pk": 29, "fields": {"name": "Individual", "topic": 8}}, {"model": "clusters.dimension", "pk": 30, "fields": {"name": "Team", "topic": 8}}, {"model": "clusters.dimension", "pk": 31, "fields": {"name": "Cross-BU", "topic": 8}}, {"model": "clusters.dimension", "pk": 32, "fields": {"name": "Company", "topic": 8}}, {"model": "clusters.dimension", "pk": 33, "fields": {"name": "Individual", "topic": 9}}, {"model": "clusters.dimension", "pk": 34, "fields": {"name": "Team", "topic": 9}}, {"model": "clusters.dimension", "pk": 35, "fields": {"name": "Cross-BU", "topic": 9}}, {"model": "clusters.dimension", "pk": 36, "fields": {"name": "Company", "topic": 9}}, {"model": "clusters.dimension", "pk": 37, "fields": {"name": "Individual", "topic": 10}}, {"model": "clusters.dimension", "pk": 38, "fields": {"name": "Team", "topic": 10}}, {"model": "clusters.dimension", "pk": 39, "fields": {"name": "Cross-BU", "topic": 10}}, {"model": "clusters.dimension", "pk": 40, "fields": {"name": "Company", "topic": 10}}, {"model": "clusters.dimension", "pk": 41, "fields": {"name": "Individual", "topic": 11}}, {"model": "clusters.dimension", "pk": 42, "fields": {"name": "Team", "topic": 11}}, {"model": "clusters.dimension", "pk": 43, "fields": {"name": "Cross-BU", "topic": 11}}, {"model": "clusters.dimension", "pk": 44, "fields": {"name": "Company", "topic": 11}}, {"model": "clusters.dimension", "pk": 45, "fields": {"name": "Individual", "topic": 12}}, {"model": "clusters.dimension", "pk": 46, "fields": {"name": "Team", "topic": 12}}, {"model": "clusters.dimension", "pk": 47, "fields": {"name": "Cross-BU", "topic": 12}}, {"model": "clusters.dimension", "pk": 48, "fields": {"name": "Company", "topic": 12}}, {"model": "clusters.dimension", "pk": 49, "fields": {"name": "Individual", "topic": 13}}, {"model": "clusters.dimension", "pk": 50, "fields": {"name": "Team", "topic": 13}}, {"model": "clusters.dimension", "pk": 51, "fields": {"name": "Cross-BU", "topic": 13}}, {"model": "clusters.dimension", "pk": 52, "fields": {"name": "Company", "topic": 13}}, {"model": "contenttypes.contenttype", "pk": 1, "fields": {"app_label": "clusters", "model": "circle"}}, {"model": "contenttypes.contenttype", "pk": 2, "fields": {"app_label": "clusters", "model": "topic"}}, {"model": "contenttypes.contenttype", "pk": 3, "fields": {"app_label": "clusters", "model": "dimension"}}, {"model": "contenttypes.contenttype", "pk": 4, "fields": {"app_label": "clusters", "model": "score"}}, {"model": "contenttypes.contenttype", "pk": 5, "fields": {"app_label": "admin", "model": "logentry"}}, {"model": "contenttypes.contenttype", "pk": 6, "fields": {"app_label": "auth", "model": "permission"}}, {"model": "contenttypes.contenttype", "pk": 7, "fields": {"app_label": "auth", "model": "group"}}, {"model": "contenttypes.contenttype", "pk": 8, "fields": {"app_label": "auth", "model": "user"}}, {"model": "contenttypes.contenttype", "pk": 9, "fields": {"app_label": "contenttypes", "model": "contenttype"}}, {"model": "contenttypes.contenttype", "pk": 10, "fields": {"app_label": "sessions", "model": "session"}}, {"model": "sessions.session", "pk": "60bbo2otl7caeyorf13alxffko42e1f0", "fields": {"session_data": "NzgwMTA3ZTgzZWJkNGM5NDcwZjI4NWMyNDBmZWI0OTMyYTc5ZjhlZDp7Il9hdXRoX3VzZXJfaWQiOiI5IiwiX2F1dGhfdXNlcl9iYWNrZW5kIjoiZGphbmdvLmNvbnRyaWIuYXV0aC5iYWNrZW5kcy5Nb2RlbEJhY2tlbmQiLCJfYXV0aF91c2VyX2hhc2giOiIzODJjMDNmZThiNWFhYzg4NGMwMTk0MWFkMTk3NGEzNmY5ZTI3Yzk2In0=", "expire_date": "2020-02-05T11:36:45.860Z"}}, {"model": "auth.permission", "pk": 1, "fields": {"name": "Can add circle", "content_type": 1, "codename": "add_circle"}}, {"model": "auth.permission", "pk": 2, "fields": {"name": "Can change circle", "content_type": 1, "codename": "change_circle"}}, {"model": "auth.permission", "pk": 3, "fields": {"name": "Can delete circle", "content_type": 1, "codename": "delete_circle"}}, {"model": "auth.permission", "pk": 4, "fields": {"name": "Can view circle", "content_type": 1, "codename": "view_circle"}}, {"model": "auth.permission", "pk": 5, "fields": {"name": "Can add topic", "content_type": 2, "codename": "add_topic"}}, {"model": "auth.permission", "pk": 6, "fields": {"name": "Can change topic", "content_type": 2, "codename": "change_topic"}}, {"model": "auth.permission", "pk": 7, "fields": {"name": "Can delete topic", "content_type": 2, "codename": "delete_topic"}}, {"model": "auth.permission", "pk": 8, "fields": {"name": "Can view topic", "content_type": 2, "codename": "view_topic"}}, {"model": "auth.permission", "pk": 9, "fields": {"name": "Can add dimension", "content_type": 3, "codename": "add_dimension"}}, {"model": "auth.permission", "pk": 10, "fields": {"name": "Can change dimension", "content_type": 3, "codename": "change_dimension"}}, {"model": "auth.permission", "pk": 11, "fields": {"name": "Can delete dimension", "content_type": 3, "codename": "delete_dimension"}}, {"model": "auth.permission", "pk": 12, "fields": {"name": "Can view dimension", "content_type": 3, "codename": "view_dimension"}}, {"model": "auth.permission", "pk": 13, "fields": {"name": "Can add score", "content_type": 4, "codename": "add_score"}}, {"model": "auth.permission", "pk": 14, "fields": {"name": "Can change score", "content_type": 4, "codename": "change_score"}}, {"model": "auth.permission", "pk": 15, "fields": {"name": "Can delete score", "content_type": 4, "codename": "delete_score"}}, {"model": "auth.permission", "pk": 16, "fields": {"name": "Can view score", "content_type": 4, "codename": "view_score"}}, {"model": "auth.permission", "pk": 17, "fields": {"name": "Can add log entry", "content_type": 5, "codename": "add_logentry"}}, {"model": "auth.permission", "pk": 18, "fields": {"name": "Can change log entry", "content_type": 5, "codename": "change_logentry"}}, {"model": "auth.permission", "pk": 19, "fields": {"name": "Can delete log entry", "content_type": 5, "codename": "delete_logentry"}}, {"model": "auth.permission", "pk": 20, "fields": {"name": "Can view log entry", "content_type": 5, "codename": "view_logentry"}}, {"model": "auth.permission", "pk": 21, "fields": {"name": "Can add permission", "content_type": 6, "codename": "add_permission"}}, {"model": "auth.permission", "pk": 22, "fields": {"name": "Can change permission", "content_type": 6, "codename": "change_permission"}}, {"model": "auth.permission", "pk": 23, "fields": {"name": "Can delete permission", "content_type": 6, "codename": "delete_permission"}}, {"model": "auth.permission", "pk": 24, "fields": {"name": "Can view permission", "content_type": 6, "codename": "view_permission"}}, {"model": "auth.permission", "pk": 25, "fields": {"name": "Can add group", "content_type": 7, "codename": "add_group"}}, {"model": "auth.permission", "pk": 26, "fields": {"name": "Can change group", "content_type": 7, "codename": "change_group"}}, {"model": "auth.permission", "pk": 27, "fields": {"name": "Can delete group", "content_type": 7, "codename": "delete_group"}}, {"model": "auth.permission", "pk": 28, "fields": {"name": "Can view group", "content_type": 7, "codename": "view_group"}}, {"model": "auth.permission", "pk": 29, "fields": {"name": "Can add user", "content_type": 8, "codename": "add_user"}}, {"model": "auth.permission", "pk": 30, "fields": {"name": "Can change user", "content_type": 8, "codename": "change_user"}}, {"model": "auth.permission", "pk": 31, "fields": {"name": "Can delete user", "content_type": 8, "codename": "delete_user"}}, {"model": "auth.permission", "pk": 32, "fields": {"name": "Can view user", "content_type": 8, "codename": "view_user"}}, {"model": "auth.permission", "pk": 33, "fields": {"name": "Can add content type", "content_type": 9, "codename": "add_contenttype"}}, {"model": "auth.permission", "pk": 34, "fields": {"name": "Can change content type", "content_type": 9, "codename": "change_contenttype"}}, {"model": "auth.permission", "pk": 35, "fields": {"name": "Can delete content type", "content_type": 9, "codename": "delete_contenttype"}}, {"model": "auth.permission", "pk": 36, "fields": {"name": "Can view content type", "content_type": 9, "codename": "view_contenttype"}}, {"model": "auth.permission", "pk": 37, "fields": {"name": "Can add session", "content_type": 10, "codename": "add_session"}}, {"model": "auth.permission", "pk": 38, "fields": {"name": "Can change session", "content_type": 10, "codename": "change_session"}}, {"model": "auth.permission", "pk": 39, "fields": {"name": "Can delete session", "content_type": 10, "codename": "delete_session"}}, {"model": "auth.permission", "pk": 40, "fields": {"name": "Can view session", "content_type": 10, "codename": "view_session"}}, {"model": "auth.user", "pk": 1, "fields": {"password": "pbkdf2_sha256$180000$cuAMz1wEJcOT$ENg9t++eHOk2nTxCMKw+iBnlYFWk/f6CLX70ORrHFaM=", "last_login": null, "is_superuser": false, "username": "gianni", "first_name": "", "last_name": "", "email": "gianni@example.com", "is_staff": false, "is_active": true, "date_joined": "2020-01-22T11:33:08.629Z", "groups": [], "user_permissions": []}}, {"model": "auth.user", "pk": 2, "fields": {"password": "pbkdf2_sha256$180000$fAWd0HRRu2Le$pQX1cIvQ2os+jDilTEw3jgW0PzNHtwXpyMI/hlfBhCk=", "last_login": null, "is_superuser": false, "username": "chiara", "first_name": "", "last_name": "", "email": "chiara@example.com", "is_staff": false, "is_active": true, "date_joined": "2020-01-22T11:33:08.751Z", "groups": [], "user_permissions": []}}, {"model": "auth.user", "pk": 3, "fields": {"password": "pbkdf2_sha256$180000$ZSU0PHM6zLS6$me+BdEY+SnCjw5vjZfiilhZ4O+RpmW+tJtQo9vMz91A=", "last_login": null, "is_superuser": false, "username": "federico", "first_name": "", "last_name": "", "email": "federico@example.com", "is_staff": false, "is_active": true, "date_joined": "2020-01-22T11:33:08.874Z", "groups": [], "user_permissions": []}}, {"model": "auth.user", "pk": 4, "fields": {"password": "pbkdf2_sha256$180000$S7qnUhqQ02Jh$VL3R1NsSdYkwbP3nqanCGcvZhfsCi1rw+ArvWgh2X2k=", "last_login": null, "is_superuser": false, "username": "carlo", "first_name": "", "last_name": "", "email": "carlo@example.com", "is_staff": false, "is_active": true, "date_joined": "2020-01-22T11:33:08.996Z", "groups": [], "user_permissions": []}}, {"model": "auth.user", "pk": 5, "fields": {"password": "pbkdf2_sha256$180000$CGTYW5ISPZjz$p9LkwCxm3qgvwOjF3LEM0PtG2hgaeUBErIFmexkwRJc=", "last_login": null, "is_superuser": false, "username": "domenica", "first_name": "", "last_name": "", "email": "domenica@example.com", "is_staff": false, "is_active": true, "date_joined": "2020-01-22T11:33:09.118Z", "groups": [], "user_permissions": []}}, {"model": "auth.user", "pk": 6, "fields": {"password": "pbkdf2_sha256$180000$D7UfbnlhEwnQ$W6zcGUUgAwDo1pUxoDzcL4gE9Cj5A0NaA0AcaWKjWWs=", "last_login": null, "is_superuser": false, "username": "corrado", "first_name": "", "last_name": "", "email": "corrado@example.com", "is_staff": false, "is_active": true, "date_joined": "2020-01-22T11:33:09.239Z", "groups": [], "user_permissions": []}}, {"model": "auth.user", "pk": 7, "fields": {"password": "pbkdf2_sha256$180000$2e3jJBpiNG36$lXlQ2Nua40yg7fFmosyh707pEoZVKjzJOfxOi2nlJpw=", "last_login": null, "is_superuser": false, "username": "alessia", "first_name": "", "last_name": "", "email": "alessia@example.com", "is_staff": false, "is_active": true, "date_joined": "2020-01-22T11:33:09.362Z", "groups": [], "user_permissions": []}}, {"model": "auth.user", "pk": 8, "fields": {"password": "pbkdf2_sha256$180000$h9q2gSpeOFeN$QicVKtgwApUFJCddP9YBL5nhVxLfHiPCCZRi2jSZSEU=", "last_login": null, "is_superuser": false, "username": "francesca", "first_name": "", "last_name": "", "email": "francesca@example.com", "is_staff": false, "is_active": true, "date_joined": "2020-01-22T11:33:09.485Z", "groups": [], "user_permissions": []}}, {"model": "auth.user", "pk": 9, "fields": {"password": "pbkdf2_sha256$180000$1hllfeBYKYve$AivdYeIWgwtakJcYS6Cg2vTzex07XKZzBKe8fqcCGTQ=", "last_login": "2020-01-22T11:36:45.858Z", "is_superuser": true, "username": "xpeppers", "first_name": "", "last_name": "", "email": "xpeppers@example.com", "is_staff": true, "is_active": true, "date_joined": "2020-01-22T11:33:39.239Z", "groups": [], "user_permissions": []}}, {"model": "clusters.score", "pk": 1, "fields": {"person": 1, "dimension": 1, "value": 1}}, {"model": "clusters.score", "pk": 2, "fields": {"person": 2, "dimension": 1, "value": 0}}, {"model": "clusters.score", "pk": 3, "fields": {"person": 3, "dimension": 1, "value": 2}}, {"model": "clusters.score", "pk": 4, "fields": {"person": 4, "dimension": 1, "value": 1}}, {"model": "clusters.score", "pk": 5, "fields": {"person": 5, "dimension": 1, "value": 4}}, {"model": "clusters.score", "pk": 6, "fields": {"person": 6, "dimension": 1, "value": 0}}, {"model": "clusters.score", "pk": 7, "fields": {"person": 7, "dimension": 1, "value": 2}}, {"model": "clusters.score", "pk": 8, "fields": {"person": 8, "dimension": 1, "value": 3}}, {"model": "clusters.score", "pk": 9, "fields": {"person": 1, "dimension": 2, "value": 2}}, {"model": "clusters.score", "pk": 10, "fields": {"person": 2, "dimension": 2, "value": 4}}, {"model": "clusters.score", "pk": 11, "fields": {"person": 3, "dimension": 2, "value": 3}}, {"model": "clusters.score", "pk": 12, "fields": {"person": 4, "dimension": 2, "value": 5}}, {"model": "clusters.score", "pk": 13, "fields": {"person": 5, "dimension": 2, "value": 0}}, {"model": "clusters.score", "pk": 14, "fields": {"person": 6, "dimension": 2, "value": 1}}, {"model": "clusters.score", "pk": 15, "fields": {"person": 7, "dimension": 2, "value": 0}}, {"model": "clusters.score", "pk": 16, "fields": {"person": 8, "dimension": 2, "value": 5}}, {"model": "clusters.score", "pk": 17, "fields": {"person": 1, "dimension": 3, "value": 1}}, {"model": "clusters.score", "pk": 18, "fields": {"person": 2, "dimension": 3, "value": 0}}, {"model": "clusters.score", "pk": 19, "fields": {"person": 3, "dimension": 3, "value": 2}}, {"model": "clusters.score", "pk": 20, "fields": {"person": 4, "dimension": 3, "value": 3}}, {"model": "clusters.score", "pk": 21, "fields": {"person": 5, "dimension": 3, "value": 4}}, {"model": "clusters.score", "pk": 22, "fields": {"person": 6, "dimension": 3, "value": 3}}, {"model": "clusters.score", "pk": 23, "fields": {"person": 7, "dimension": 3, "value": 2}}, {"model": "clusters.score", "pk": 24, "fields": {"person": 8, "dimension": 3, "value": 5}}, {"model": "clusters.score", "pk": 25, "fields": {"person": 1, "dimension": 4, "value": 4}}, {"model": "clusters.score", "pk": 26, "fields": {"person": 2, "dimension": 4, "value": 3}}, {"model": "clusters.score", "pk": 27, "fields": {"person": 3, "dimension": 4, "value": 2}}, {"model": "clusters.score", "pk": 28, "fields": {"person": 4, "dimension": 4, "value": 2}}, {"model": "clusters.score", "pk": 29, "fields": {"person": 5, "dimension": 4, "value": 4}}, {"model": "clusters.score", "pk": 30, "fields": {"person": 6, "dimension": 4, "value": 0}}, {"model": "clusters.score", "pk": 31, "fields": {"person": 7, "dimension": 4, "value": 2}}, {"model": "clusters.score", "pk": 32, "fields": {"person": 8, "dimension": 4, "value": 0}}, {"model": "clusters.score", "pk": 33, "fields": {"person": 1, "dimension": 5, "value": 4}}, {"model": "clusters.score", "pk": 34, "fields": {"person": 2, "dimension": 5, "value": 4}}, {"model": "clusters.score", "pk": 35, "fields": {"person": 3, "dimension": 5, "value": 3}}, {"model": "clusters.score", "pk": 36, "fields": {"person": 4, "dimension": 5, "value": 1}}, {"model": "clusters.score", "pk": 37, "fields": {"person": 5, "dimension": 5, "value": 4}}, {"model": "clusters.score", "pk": 38, "fields": {"person": 6, "dimension": 5, "value": 4}}, {"model": "clusters.score", "pk": 39, "fields": {"person": 7, "dimension": 5, "value": 3}}, {"model": "clusters.score", "pk": 40, "fields": {"person": 8, "dimension": 5, "value": 4}}, {"model": "clusters.score", "pk": 41, "fields": {"person": 1, "dimension": 6, "value": 3}}, {"model": "clusters.score", "pk": 42, "fields": {"person": 2, "dimension": 6, "value": 1}}, {"model": "clusters.score", "pk": 43, "fields": {"person": 3, "dimension": 6, "value": 4}}, {"model": "clusters.score", "pk": 44, "fields": {"person": 4, "dimension": 6, "value": 4}}, {"model": "clusters.score", "pk": 45, "fields": {"person": 5, "dimension": 6, "value": 1}}, {"model": "clusters.score", "pk": 46, "fields": {"person": 6, "dimension": 6, "value": 0}}, {"model": "clusters.score", "pk": 47, "fields": {"person": 7, "dimension": 6, "value": 2}}, {"model": "clusters.score", "pk": 48, "fields": {"person": 8, "dimension": 6, "value": 3}}, {"model": "clusters.score", "pk": 49, "fields": {"person": 1, "dimension": 7, "value": 0}}, {"model": "clusters.score", "pk": 50, "fields": {"person": 2, "dimension": 7, "value": 5}}, {"model": "clusters.score", "pk": 51, "fields": {"person": 3, "dimension": 7, "value": 5}}, {"model": "clusters.score", "pk": 52, "fields": {"person": 4, "dimension": 7, "value": 0}}, {"model": "clusters.score", "pk": 53, "fields": {"person": 5, "dimension": 7, "value": 5}}, {"model": "clusters.score", "pk": 54, "fields": {"person": 6, "dimension": 7, "value": 5}}, {"model": "clusters.score", "pk": 55, "fields": {"person": 7, "dimension": 7, "value": 3}}, {"model": "clusters.score", "pk": 56, "fields": {"person": 8, "dimension": 7, "value": 5}}, {"model": "clusters.score", "pk": 57, "fields": {"person": 1, "dimension": 8, "value": 0}}, {"model": "clusters.score", "pk": 58, "fields": {"person": 2, "dimension": 8, "value": 5}}, {"model": "clusters.score", "pk": 59, "fields": {"person": 3, "dimension": 8, "value": 3}}, {"model": "clusters.score", "pk": 60, "fields": {"person": 4, "dimension": 8, "value": 4}}, {"model": "clusters.score", "pk": 61, "fields": {"person": 5, "dimension": 8, "value": 4}}, {"model": "clusters.score", "pk": 62, "fields": {"person": 6, "dimension": 8, "value": 3}}, {"model": "clusters.score", "pk": 63, "fields": {"person": 7, "dimension": 8, "value": 3}}, {"model": "clusters.score", "pk": 64, "fields": {"person": 8, "dimension": 8, "value": 4}}, {"model": "clusters.score", "pk": 65, "fields": {"person": 1, "dimension": 9, "value": 0}}, {"model": "clusters.score", "pk": 66, "fields": {"person": 2, "dimension": 9, "value": 2}}, {"model": "clusters.score", "pk": 67, "fields": {"person": 3, "dimension": 9, "value": 4}}, {"model": "clusters.score", "pk": 68, "fields": {"person": 4, "dimension": 9, "value": 3}}, {"model": "clusters.score", "pk": 69, "fields": {"person": 5, "dimension": 9, "value": 4}}, {"model": "clusters.score", "pk": 70, "fields": {"person": 6, "dimension": 9, "value": 4}}, {"model": "clusters.score", "pk": 71, "fields": {"person": 7, "dimension": 9, "value": 2}}, {"model": "clusters.score", "pk": 72, "fields": {"person": 8, "dimension": 9, "value": 2}}, {"model": "clusters.score", "pk": 73, "fields": {"person": 1, "dimension": 10, "value": 0}}, {"model": "clusters.score", "pk": 74, "fields": {"person": 2, "dimension": 10, "value": 1}}, {"model": "clusters.score", "pk": 75, "fields": {"person": 3, "dimension": 10, "value": 4}}, {"model": "clusters.score", "pk": 76, "fields": {"person": 4, "dimension": 10, "value": 0}}, {"model": "clusters.score", "pk": 77, "fields": {"person": 5, "dimension": 10, "value": 0}}, {"model": "clusters.score", "pk": 78, "fields": {"person": 6, "dimension": 10, "value": 1}}, {"model": "clusters.score", "pk": 79, "fields": {"person": 7, "dimension": 10, "value": 0}}, {"model": "clusters.score", "pk": 80, "fields": {"person": 8, "dimension": 10, "value": 2}}, {"model": "clusters.score", "pk": 81, "fields": {"person": 1, "dimension": 11, "value": 2}}, {"model": "clusters.score", "pk": 82, "fields": {"person": 2, "dimension": 11, "value": 1}}, {"model": "clusters.score", "pk": 83, "fields": {"person": 3, "dimension": 11, "value": 4}}, {"model": "clusters.score", "pk": 84, "fields": {"person": 4, "dimension": 11, "value": 1}}, {"model": "clusters.score", "pk": 85, "fields": {"person": 5, "dimension": 11, "value": 1}}, {"model": "clusters.score", "pk": 86, "fields": {"person": 6, "dimension": 11, "value": 1}}, {"model": "clusters.score", "pk": 87, "fields": {"person": 7, "dimension": 11, "value": 3}}, {"model": "clusters.score", "pk": 88, "fields": {"person": 8, "dimension": 11, "value": 2}}, {"model": "clusters.score", "pk": 89, "fields": {"person": 1, "dimension": 12, "value": 3}}, {"model": "clusters.score", "pk": 90, "fields": {"person": 2, "dimension": 12, "value": 3}}, {"model": "clusters.score", "pk": 91, "fields": {"person": 3, "dimension": 12, "value": 4}}, {"model": "clusters.score", "pk": 92, "fields": {"person": 4, "dimension": 12, "value": 2}}, {"model": "clusters.score", "pk": 93, "fields": {"person": 5, "dimension": 12, "value": 3}}, {"model": "clusters.score", "pk": 94, "fields": {"person": 6, "dimension": 12, "value": 2}}, {"model": "clusters.score", "pk": 95, "fields": {"person": 7, "dimension": 12, "value": 2}}, {"model": "clusters.score", "pk": 96, "fields": {"person": 8, "dimension": 12, "value": 0}}, {"model": "clusters.score", "pk": 97, "fields": {"person": 1, "dimension": 13, "value": 4}}, {"model": "clusters.score", "pk": 98, "fields": {"person": 2, "dimension": 13, "value": 0}}, {"model": "clusters.score", "pk": 99, "fields": {"person": 3, "dimension": 13, "value": 0}}, {"model": "clusters.score", "pk": 100, "fields": {"person": 4, "dimension": 13, "value": 4}}, {"model": "clusters.score", "pk": 101, "fields": {"person": 5, "dimension": 13, "value": 2}}, {"model": "clusters.score", "pk": 102, "fields": {"person": 6, "dimension": 13, "value": 4}}, {"model": "clusters.score", "pk": 103, "fields": {"person": 7, "dimension": 13, "value": 5}}, {"model": "clusters.score", "pk": 104, "fields": {"person": 8, "dimension": 13, "value": 5}}, {"model": "clusters.score", "pk": 105, "fields": {"person": 1, "dimension": 14, "value": 1}}, {"model": "clusters.score", "pk": 106, "fields": {"person": 2, "dimension": 14, "value": 0}}, {"model": "clusters.score", "pk": 107, "fields": {"person": 3, "dimension": 14, "value": 3}}, {"model": "clusters.score", "pk": 108, "fields": {"person": 4, "dimension": 14, "value": 3}}, {"model": "clusters.score", "pk": 109, "fields": {"person": 5, "dimension": 14, "value": 4}}, {"model": "clusters.score", "pk": 110, "fields": {"person": 6, "dimension": 14, "value": 1}}, {"model": "clusters.score", "pk": 111, "fields": {"person": 7, "dimension": 14, "value": 1}}, {"model": "clusters.score", "pk": 112, "fields": {"person": 8, "dimension": 14, "value": 1}}, {"model": "clusters.score", "pk": 113, "fields": {"person": 1, "dimension": 15, "value": 2}}, {"model": "clusters.score", "pk": 114, "fields": {"person": 2, "dimension": 15, "value": 0}}, {"model": "clusters.score", "pk": 115, "fields": {"person": 3, "dimension": 15, "value": 2}}, {"model": "clusters.score", "pk": 116, "fields": {"person": 4, "dimension": 15, "value": 5}}, {"model": "clusters.score", "pk": 117, "fields": {"person": 5, "dimension": 15, "value": 1}}, {"model": "clusters.score", "pk": 118, "fields": {"person": 6, "dimension": 15, "value": 4}}, {"model": "clusters.score", "pk": 119, "fields": {"person": 7, "dimension": 15, "value": 5}}, {"model": "clusters.score", "pk": 120, "fields": {"person": 8, "dimension": 15, "value": 0}}, {"model": "clusters.score", "pk": 121, "fields": {"person": 1, "dimension": 16, "value": 4}}, {"model": "clusters.score", "pk": 122, "fields": {"person": 2, "dimension": 16, "value": 2}}, {"model": "clusters.score", "pk": 123, "fields": {"person": 3, "dimension": 16, "value": 2}}, {"model": "clusters.score", "pk": 124, "fields": {"person": 4, "dimension": 16, "value": 0}}, {"model": "clusters.score", "pk": 125, "fields": {"person": 5, "dimension": 16, "value": 3}}, {"model": "clusters.score", "pk": 126, "fields": {"person": 6, "dimension": 16, "value": 5}}, {"model": "clusters.score", "pk": 127, "fields": {"person": 7, "dimension": 16, "value": 3}}, {"model": "clusters.score", "pk": 128, "fields": {"person": 8, "dimension": 16, "value": 0}}, {"model": "clusters.score", "pk": 129, "fields": {"person": 1, "dimension": 17, "value": 5}}, {"model": "clusters.score", "pk": 130, "fields": {"person": 2, "dimension": 17, "value": 0}}, {"model": "clusters.score", "pk": 131, "fields": {"person": 3, "dimension": 17, "value": 1}}, {"model": "clusters.score", "pk": 132, "fields": {"person": 4, "dimension": 17, "value": 2}}, {"model": "clusters.score", "pk": 133, "fields": {"person": 5, "dimension": 17, "value": 4}}, {"model": "clusters.score", "pk": 134, "fields": {"person": 6, "dimension": 17, "value": 0}}, {"model": "clusters.score", "pk": 135, "fields": {"person": 7, "dimension": 17, "value": 1}}, {"model": "clusters.score", "pk": 136, "fields": {"person": 8, "dimension": 17, "value": 4}}, {"model": "clusters.score", "pk": 137, "fields": {"person": 1, "dimension": 18, "value": 5}}, {"model": "clusters.score", "pk": 138, "fields": {"person": 2, "dimension": 18, "value": 5}}, {"model": "clusters.score", "pk": 139, "fields": {"person": 3, "dimension": 18, "value": 4}}, {"model": "clusters.score", "pk": 140, "fields": {"person": 4, "dimension": 18, "value": 3}}, {"model": "clusters.score", "pk": 141, "fields": {"person": 5, "dimension": 18, "value": 5}}, {"model": "clusters.score", "pk": 142, "fields": {"person": 6, "dimension": 18, "value": 0}}, {"model": "clusters.score", "pk": 143, "fields": {"person": 7, "dimension": 18, "value": 5}}, {"model": "clusters.score", "pk": 144, "fields": {"person": 8, "dimension": 18, "value": 2}}, {"model": "clusters.score", "pk": 145, "fields": {"person": 1, "dimension": 19, "value": 1}}, {"model": "clusters.score", "pk": 146, "fields": {"person": 2, "dimension": 19, "value": 2}}, {"model": "clusters.score", "pk": 147, "fields": {"person": 3, "dimension": 19, "value": 3}}, {"model": "clusters.score", "pk": 148, "fields": {"person": 4, "dimension": 19, "value": 1}}, {"model": "clusters.score", "pk": 149, "fields": {"person": 5, "dimension": 19, "value": 2}}, {"model": "clusters.score", "pk": 150, "fields": {"person": 6, "dimension": 19, "value": 4}}, {"model": "clusters.score", "pk": 151, "fields": {"person": 7, "dimension": 19, "value": 0}}, {"model": "clusters.score", "pk": 152, "fields": {"person": 8, "dimension": 19, "value": 3}}, {"model": "clusters.score", "pk": 153, "fields": {"person": 1, "dimension": 20, "value": 5}}, {"model": "clusters.score", "pk": 154, "fields": {"person": 2, "dimension": 20, "value": 3}}, {"model": "clusters.score", "pk": 155, "fields": {"person": 3, "dimension": 20, "value": 4}}, {"model": "clusters.score", "pk": 156, "fields": {"person": 4, "dimension": 20, "value": 3}}, {"model": "clusters.score", "pk": 157, "fields": {"person": 5, "dimension": 20, "value": 3}}, {"model": "clusters.score", "pk": 158, "fields": {"person": 6, "dimension": 20, "value": 2}}, {"model": "clusters.score", "pk": 159, "fields": {"person": 7, "dimension": 20, "value": 3}}, {"model": "clusters.score", "pk": 160, "fields": {"person": 8, "dimension": 20, "value": 1}}, {"model": "clusters.score", "pk": 161, "fields": {"person": 1, "dimension": 21, "value": 0}}, {"model": "clusters.score", "pk": 162, "fields": {"person": 2, "dimension": 21, "value": 3}}, {"model": "clusters.score", "pk": 163, "fields": {"person": 3, "dimension": 21, "value": 4}}, {"model": "clusters.score", "pk": 164, "fields": {"person": 4, "dimension": 21, "value": 0}}, {"model": "clusters.score", "pk": 165, "fields": {"person": 5, "dimension": 21, "value": 5}}, {"model": "clusters.score", "pk": 166, "fields": {"person": 6, "dimension": 21, "value": 2}}, {"model": "clusters.score", "pk": 167, "fields": {"person": 7, "dimension": 21, "value": 0}}, {"model": "clusters.score", "pk": 168, "fields": {"person": 8, "dimension": 21, "value": 4}}, {"model": "clusters.score", "pk": 169, "fields": {"person": 1, "dimension": 22, "value": 5}}, {"model": "clusters.score", "pk": 170, "fields": {"person": 2, "dimension": 22, "value": 5}}, {"model": "clusters.score", "pk": 171, "fields": {"person": 3, "dimension": 22, "value": 3}}, {"model": "clusters.score", "pk": 172, "fields": {"person": 4, "dimension": 22, "value": 4}}, {"model": "clusters.score", "pk": 173, "fields": {"person": 5, "dimension": 22, "value": 1}}, {"model": "clusters.score", "pk": 174, "fields": {"person": 6, "dimension": 22, "value": 1}}, {"model": "clusters.score", "pk": 175, "fields": {"person": 7, "dimension": 22, "value": 3}}, {"model": "clusters.score", "pk": 176, "fields": {"person": 8, "dimension": 22, "value": 3}}, {"model": "clusters.score", "pk": 177, "fields": {"person": 1, "dimension": 23, "value": 1}}, {"model": "clusters.score", "pk": 178, "fields": {"person": 2, "dimension": 23, "value": 0}}, {"model": "clusters.score", "pk": 179, "fields": {"person": 3, "dimension": 23, "value": 4}}, {"model": "clusters.score", "pk": 180, "fields": {"person": 4, "dimension": 23, "value": 4}}, {"model": "clusters.score", "pk": 181, "fields": {"person": 5, "dimension": 23, "value": 3}}, {"model": "clusters.score", "pk": 182, "fields": {"person": 6, "dimension": 23, "value": 3}}, {"model": "clusters.score", "pk": 183, "fields": {"person": 7, "dimension": 23, "value": 5}}, {"model": "clusters.score", "pk": 184, "fields": {"person": 8, "dimension": 23, "value": 4}}, {"model": "clusters.score", "pk": 185, "fields": {"person": 1, "dimension": 24, "value": 3}}, {"model": "clusters.score", "pk": 186, "fields": {"person": 2, "dimension": 24, "value": 0}}, {"model": "clusters.score", "pk": 187, "fields": {"person": 3, "dimension": 24, "value": 0}}, {"model": "clusters.score", "pk": 188, "fields": {"person": 4, "dimension": 24, "value": 3}}, {"model": "clusters.score", "pk": 189, "fields": {"person": 5, "dimension": 24, "value": 0}}, {"model": "clusters.score", "pk": 190, "fields": {"person": 6, "dimension": 24, "value": 5}}, {"model": "clusters.score", "pk": 191, "fields": {"person": 7, "dimension": 24, "value": 0}}, {"model": "clusters.score", "pk": 192, "fields": {"person": 8, "dimension": 24, "value": 1}}, {"model": "clusters.score", "pk": 193, "fields": {"person": 1, "dimension": 25, "value": 3}}, {"model": "clusters.score", "pk": 194, "fields": {"person": 2, "dimension": 25, "value": 3}}, {"model": "clusters.score", "pk": 195, "fields": {"person": 3, "dimension": 25, "value": 3}}, {"model": "clusters.score", "pk": 196, "fields": {"person": 4, "dimension": 25, "value": 5}}, {"model": "clusters.score", "pk": 197, "fields": {"person": 5, "dimension": 25, "value": 3}}, {"model": "clusters.score", "pk": 198, "fields": {"person": 6, "dimension": 25, "value": 0}}, {"model": "clusters.score", "pk": 199, "fields": {"person": 7, "dimension": 25, "value": 3}}, {"model": "clusters.score", "pk": 200, "fields": {"person": 8, "dimension": 25, "value": 2}}, {"model": "clusters.score", "pk": 201, "fields": {"person": 1, "dimension": 26, "value": 1}}, {"model": "clusters.score", "pk": 202, "fields": {"person": 2, "dimension": 26, "value": 0}}, {"model": "clusters.score", "pk": 203, "fields": {"person": 3, "dimension": 26, "value": 4}}, {"model": "clusters.score", "pk": 204, "fields": {"person": 4, "dimension": 26, "value": 1}}, {"model": "clusters.score", "pk": 205, "fields": {"person": 5, "dimension": 26, "value": 1}}, {"model": "clusters.score", "pk": 206, "fields": {"person": 6, "dimension": 26, "value": 3}}, {"model": "clusters.score", "pk": 207, "fields": {"person": 7, "dimension": 26, "value": 4}}, {"model": "clusters.score", "pk": 208, "fields": {"person": 8, "dimension": 26, "value": 0}}, {"model": "clusters.score", "pk": 209, "fields": {"person": 1, "dimension": 27, "value": 2}}, {"model": "clusters.score", "pk": 210, "fields": {"person": 2, "dimension": 27, "value": 5}}, {"model": "clusters.score", "pk": 211, "fields": {"person": 3, "dimension": 27, "value": 0}}, {"model": "clusters.score", "pk": 212, "fields": {"person": 4, "dimension": 27, "value": 5}}, {"model": "clusters.score", "pk": 213, "fields": {"person": 5, "dimension": 27, "value": 2}}, {"model": "clusters.score", "pk": 214, "fields": {"person": 6, "dimension": 27, "value": 1}}, {"model": "clusters.score", "pk": 215, "fields": {"person": 7, "dimension": 27, "value": 3}}, {"model": "clusters.score", "pk": 216, "fields": {"person": 8, "dimension": 27, "value": 4}}, {"model": "clusters.score", "pk": 217, "fields": {"person": 1, "dimension": 28, "value": 3}}, {"model": "clusters.score", "pk": 218, "fields": {"person": 2, "dimension": 28, "value": 5}}, {"model": "clusters.score", "pk": 219, "fields": {"person": 3, "dimension": 28, "value": 1}}, {"model": "clusters.score", "pk": 220, "fields": {"person": 4, "dimension": 28, "value": 2}}, {"model": "clusters.score", "pk": 221, "fields": {"person": 5, "dimension": 28, "value": 4}}, {"model": "clusters.score", "pk": 222, "fields": {"person": 6, "dimension": 28, "value": 1}}, {"model": "clusters.score", "pk": 223, "fields": {"person": 7, "dimension": 28, "value": 0}}, {"model": "clusters.score", "pk": 224, "fields": {"person": 8, "dimension": 28, "value": 4}}, {"model": "clusters.score", "pk": 225, "fields": {"person": 1, "dimension": 29, "value": 4}}, {"model": "clusters.score", "pk": 226, "fields": {"person": 2, "dimension": 29, "value": 0}}, {"model": "clusters.score", "pk": 227, "fields": {"person": 3, "dimension": 29, "value": 4}}, {"model": "clusters.score", "pk": 228, "fields": {"person": 4, "dimension": 29, "value": 1}}, {"model": "clusters.score", "pk": 229, "fields": {"person": 5, "dimension": 29, "value": 3}}, {"model": "clusters.score", "pk": 230, "fields": {"person": 6, "dimension": 29, "value": 5}}, {"model": "clusters.score", "pk": 231, "fields": {"person": 7, "dimension": 29, "value": 0}}, {"model": "clusters.score", "pk": 232, "fields": {"person": 8, "dimension": 29, "value": 2}}, {"model": "clusters.score", "pk": 233, "fields": {"person": 1, "dimension": 30, "value": 0}}, {"model": "clusters.score", "pk": 234, "fields": {"person": 2, "dimension": 30, "value": 2}}, {"model": "clusters.score", "pk": 235, "fields": {"person": 3, "dimension": 30, "value": 5}}, {"model": "clusters.score", "pk": 236, "fields": {"person": 4, "dimension": 30, "value": 4}}, {"model": "clusters.score", "pk": 237, "fields": {"person": 5, "dimension": 30, "value": 0}}, {"model": "clusters.score", "pk": 238, "fields": {"person": 6, "dimension": 30, "value": 5}}, {"model": "clusters.score", "pk": 239, "fields": {"person": 7, "dimension": 30, "value": 3}}, {"model": "clusters.score", "pk": 240, "fields": {"person": 8, "dimension": 30, "value": 0}}, {"model": "clusters.score", "pk": 241, "fields": {"person": 1, "dimension": 31, "value": 2}}, {"model": "clusters.score", "pk": 242, "fields": {"person": 2, "dimension": 31, "value": 2}}, {"model": "clusters.score", "pk": 243, "fields": {"person": 3, "dimension": 31, "value": 0}}, {"model": "clusters.score", "pk": 244, "fields": {"person": 4, "dimension": 31, "value": 0}}, {"model": "clusters.score", "pk": 245, "fields": {"person": 5, "dimension": 31, "value": 3}}, {"model": "clusters.score", "pk": 246, "fields": {"person": 6, "dimension": 31, "value": 1}}, {"model": "clusters.score", "pk": 247, "fields": {"person": 7, "dimension": 31, "value": 2}}, {"model": "clusters.score", "pk": 248, "fields": {"person": 8, "dimension": 31, "value": 3}}, {"model": "clusters.score", "pk": 249, "fields": {"person": 1, "dimension": 32, "value": 2}}, {"model": "clusters.score", "pk": 250, "fields": {"person": 2, "dimension": 32, "value": 4}}, {"model": "clusters.score", "pk": 251, "fields": {"person": 3, "dimension": 32, "value": 1}}, {"model": "clusters.score", "pk": 252, "fields": {"person": 4, "dimension": 32, "value": 4}}, {"model": "clusters.score", "pk": 253, "fields": {"person": 5, "dimension": 32, "value": 1}}, {"model": "clusters.score", "pk": 254, "fields": {"person": 6, "dimension": 32, "value": 0}}, {"model": "clusters.score", "pk": 255, "fields": {"person": 7, "dimension": 32, "value": 4}}, {"model": "clusters.score", "pk": 256, "fields": {"person": 8, "dimension": 32, "value": 0}}, {"model": "clusters.score", "pk": 257, "fields": {"person": 1, "dimension": 33, "value": 4}}, {"model": "clusters.score", "pk": 258, "fields": {"person": 2, "dimension": 33, "value": 4}}, {"model": "clusters.score", "pk": 259, "fields": {"person": 3, "dimension": 33, "value": 5}}, {"model": "clusters.score", "pk": 260, "fields": {"person": 4, "dimension": 33, "value": 3}}, {"model": "clusters.score", "pk": 261, "fields": {"person": 5, "dimension": 33, "value": 0}}, {"model": "clusters.score", "pk": 262, "fields": {"person": 6, "dimension": 33, "value": 0}}, {"model": "clusters.score", "pk": 263, "fields": {"person": 7, "dimension": 33, "value": 3}}, {"model": "clusters.score", "pk": 264, "fields": {"person": 8, "dimension": 33, "value": 1}}, {"model": "clusters.score", "pk": 265, "fields": {"person": 1, "dimension": 34, "value": 4}}, {"model": "clusters.score", "pk": 266, "fields": {"person": 2, "dimension": 34, "value": 4}}, {"model": "clusters.score", "pk": 267, "fields": {"person": 3, "dimension": 34, "value": 4}}, {"model": "clusters.score", "pk": 268, "fields": {"person": 4, "dimension": 34, "value": 3}}, {"model": "clusters.score", "pk": 269, "fields": {"person": 5, "dimension": 34, "value": 3}}, {"model": "clusters.score", "pk": 270, "fields": {"person": 6, "dimension": 34, "value": 4}}, {"model": "clusters.score", "pk": 271, "fields": {"person": 7, "dimension": 34, "value": 3}}, {"model": "clusters.score", "pk": 272, "fields": {"person": 8, "dimension": 34, "value": 3}}, {"model": "clusters.score", "pk": 273, "fields": {"person": 1, "dimension": 35, "value": 0}}, {"model": "clusters.score", "pk": 274, "fields": {"person": 2, "dimension": 35, "value": 5}}, {"model": "clusters.score", "pk": 275, "fields": {"person": 3, "dimension": 35, "value": 2}}, {"model": "clusters.score", "pk": 276, "fields": {"person": 4, "dimension": 35, "value": 2}}, {"model": "clusters.score", "pk": 277, "fields": {"person": 5, "dimension": 35, "value": 4}}, {"model": "clusters.score", "pk": 278, "fields": {"person": 6, "dimension": 35, "value": 4}}, {"model": "clusters.score", "pk": 279, "fields": {"person": 7, "dimension": 35, "value": 4}}, {"model": "clusters.score", "pk": 280, "fields": {"person": 8, "dimension": 35, "value": 3}}, {"model": "clusters.score", "pk": 281, "fields": {"person": 1, "dimension": 36, "value": 1}}, {"model": "clusters.score", "pk": 282, "fields": {"person": 2, "dimension": 36, "value": 4}}, {"model": "clusters.score", "pk": 283, "fields": {"person": 3, "dimension": 36, "value": 0}}, {"model": "clusters.score", "pk": 284, "fields": {"person": 4, "dimension": 36, "value": 2}}, {"model": "clusters.score", "pk": 285, "fields": {"person": 5, "dimension": 36, "value": 5}}, {"model": "clusters.score", "pk": 286, "fields": {"person": 6, "dimension": 36, "value": 4}}, {"model": "clusters.score", "pk": 287, "fields": {"person": 7, "dimension": 36, "value": 2}}, {"model": "clusters.score", "pk": 288, "fields": {"person": 8, "dimension": 36, "value": 4}}, {"model": "clusters.score", "pk": 289, "fields": {"person": 1, "dimension": 37, "value": 2}}, {"model": "clusters.score", "pk": 290, "fields": {"person": 2, "dimension": 37, "value": 2}}, {"model": "clusters.score", "pk": 291, "fields": {"person": 3, "dimension": 37, "value": 0}}, {"model": "clusters.score", "pk": 292, "fields": {"person": 4, "dimension": 37, "value": 0}}, {"model": "clusters.score", "pk": 293, "fields": {"person": 5, "dimension": 37, "value": 3}}, {"model": "clusters.score", "pk": 294, "fields": {"person": 6, "dimension": 37, "value": 1}}, {"model": "clusters.score", "pk": 295, "fields": {"person": 7, "dimension": 37, "value": 4}}, {"model": "clusters.score", "pk": 296, "fields": {"person": 8, "dimension": 37, "value": 4}}, {"model": "clusters.score", "pk": 297, "fields": {"person": 1, "dimension": 38, "value": 3}}, {"model": "clusters.score", "pk": 298, "fields": {"person": 2, "dimension": 38, "value": 4}}, {"model": "clusters.score", "pk": 299, "fields": {"person": 3, "dimension": 38, "value": 1}}, {"model": "clusters.score", "pk": 300, "fields": {"person": 4, "dimension": 38, "value": 4}}, {"model": "clusters.score", "pk": 301, "fields": {"person": 5, "dimension": 38, "value": 0}}, {"model": "clusters.score", "pk": 302, "fields": {"person": 6, "dimension": 38, "value": 1}}, {"model": "clusters.score", "pk": 303, "fields": {"person": 7, "dimension": 38, "value": 3}}, {"model": "clusters.score", "pk": 304, "fields": {"person": 8, "dimension": 38, "value": 0}}, {"model": "clusters.score", "pk": 305, "fields": {"person": 1, "dimension": 39, "value": 1}}, {"model": "clusters.score", "pk": 306, "fields": {"person": 2, "dimension": 39, "value": 0}}, {"model": "clusters.score", "pk": 307, "fields": {"person": 3, "dimension": 39, "value": 5}}, {"model": "clusters.score", "pk": 308, "fields": {"person": 4, "dimension": 39, "value": 5}}, {"model": "clusters.score", "pk": 309, "fields": {"person": 5, "dimension": 39, "value": 2}}, {"model": "clusters.score", "pk": 310, "fields": {"person": 6, "dimension": 39, "value": 5}}, {"model": "clusters.score", "pk": 311, "fields": {"person": 7, "dimension": 39, "value": 0}}, {"model": "clusters.score", "pk": 312, "fields": {"person": 8, "dimension": 39, "value": 1}}, {"model": "clusters.score", "pk": 313, "fields": {"person": 1, "dimension": 40, "value": 2}}, {"model": "clusters.score", "pk": 314, "fields": {"person": 2, "dimension": 40, "value": 5}}, {"model": "clusters.score", "pk": 315, "fields": {"person": 3, "dimension": 40, "value": 4}}, {"model": "clusters.score", "pk": 316, "fields": {"person": 4, "dimension": 40, "value": 3}}, {"model": "clusters.score", "pk": 317, "fields": {"person": 5, "dimension": 40, "value": 0}}, {"model": "clusters.score", "pk": 318, "fields": {"person": 6, "dimension": 40, "value": 5}}, {"model": "clusters.score", "pk": 319, "fields": {"person": 7, "dimension": 40, "value": 3}}, {"model": "clusters.score", "pk": 320, "fields": {"person": 8, "dimension": 40, "value": 1}}, {"model": "clusters.score", "pk": 321, "fields": {"person": 1, "dimension": 41, "value": 0}}, {"model": "clusters.score", "pk": 322, "fields": {"person": 2, "dimension": 41, "value": 4}}, {"model": "clusters.score", "pk": 323, "fields": {"person": 3, "dimension": 41, "value": 0}}, {"model": "clusters.score", "pk": 324, "fields": {"person": 4, "dimension": 41, "value": 1}}, {"model": "clusters.score", "pk": 325, "fields": {"person": 5, "dimension": 41, "value": 5}}, {"model": "clusters.score", "pk": 326, "fields": {"person": 6, "dimension": 41, "value": 5}}, {"model": "clusters.score", "pk": 327, "fields": {"person": 7, "dimension": 41, "value": 1}}, {"model": "clusters.score", "pk": 328, "fields": {"person": 8, "dimension": 41, "value": 2}}, {"model": "clusters.score", "pk": 329, "fields": {"person": 1, "dimension": 42, "value": 5}}, {"model": "clusters.score", "pk": 330, "fields": {"person": 2, "dimension": 42, "value": 1}}, {"model": "clusters.score", "pk": 331, "fields": {"person": 3, "dimension": 42, "value": 2}}, {"model": "clusters.score", "pk": 332, "fields": {"person": 4, "dimension": 42, "value": 4}}, {"model": "clusters.score", "pk": 333, "fields": {"person": 5, "dimension": 42, "value": 4}}, {"model": "clusters.score", "pk": 334, "fields": {"person": 6, "dimension": 42, "value": 3}}, {"model": "clusters.score", "pk": 335, "fields": {"person": 7, "dimension": 42, "value": 0}}, {"model": "clusters.score", "pk": 336, "fields": {"person": 8, "dimension": 42, "value": 5}}, {"model": "clusters.score", "pk": 337, "fields": {"person": 1, "dimension": 43, "value": 5}}, {"model": "clusters.score", "pk": 338, "fields": {"person": 2, "dimension": 43, "value": 1}}, {"model": "clusters.score", "pk": 339, "fields": {"person": 3, "dimension": 43, "value": 0}}, {"model": "clusters.score", "pk": 340, "fields": {"person": 4, "dimension": 43, "value": 1}}, {"model": "clusters.score", "pk": 341, "fields": {"person": 5, "dimension": 43, "value": 1}}, {"model": "clusters.score", "pk": 342, "fields": {"person": 6, "dimension": 43, "value": 2}}, {"model": "clusters.score", "pk": 343, "fields": {"person": 7, "dimension": 43, "value": 0}}, {"model": "clusters.score", "pk": 344, "fields": {"person": 8, "dimension": 43, "value": 0}}, {"model": "clusters.score", "pk": 345, "fields": {"person": 1, "dimension": 44, "value": 2}}, {"model": "clusters.score", "pk": 346, "fields": {"person": 2, "dimension": 44, "value": 2}}, {"model": "clusters.score", "pk": 347, "fields": {"person": 3, "dimension": 44, "value": 1}}, {"model": "clusters.score", "pk": 348, "fields": {"person": 4, "dimension": 44, "value": 2}}, {"model": "clusters.score", "pk": 349, "fields": {"person": 5, "dimension": 44, "value": 2}}, {"model": "clusters.score", "pk": 350, "fields": {"person": 6, "dimension": 44, "value": 2}}, {"model": "clusters.score", "pk": 351, "fields": {"person": 7, "dimension": 44, "value": 2}}, {"model": "clusters.score", "pk": 352, "fields": {"person": 8, "dimension": 44, "value": 0}}, {"model": "clusters.score", "pk": 353, "fields": {"person": 1, "dimension": 45, "value": 1}}, {"model": "clusters.score", "pk": 354, "fields": {"person": 2, "dimension": 45, "value": 3}}, {"model": "clusters.score", "pk": 355, "fields": {"person": 3, "dimension": 45, "value": 2}}, {"model": "clusters.score", "pk": 356, "fields": {"person": 4, "dimension": 45, "value": 5}}, {"model": "clusters.score", "pk": 357, "fields": {"person": 5, "dimension": 45, "value": 0}}, {"model": "clusters.score", "pk": 358, "fields": {"person": 6, "dimension": 45, "value": 2}}, {"model": "clusters.score", "pk": 359, "fields": {"person": 7, "dimension": 45, "value": 1}}, {"model": "clusters.score", "pk": 360, "fields": {"person": 8, "dimension": 45, "value": 4}}, {"model": "clusters.score", "pk": 361, "fields": {"person": 1, "dimension": 46, "value": 4}}, {"model": "clusters.score", "pk": 362, "fields": {"person": 2, "dimension": 46, "value": 3}}, {"model": "clusters.score", "pk": 363, "fields": {"person": 3, "dimension": 46, "value": 5}}, {"model": "clusters.score", "pk": 364, "fields": {"person": 4, "dimension": 46, "value": 4}}, {"model": "clusters.score", "pk": 365, "fields": {"person": 5, "dimension": 46, "value": 2}}, {"model": "clusters.score", "pk": 366, "fields": {"person": 6, "dimension": 46, "value": 5}}, {"model": "clusters.score", "pk": 367, "fields": {"person": 7, "dimension": 46, "value": 0}}, {"model": "clusters.score", "pk": 368, "fields": {"person": 8, "dimension": 46, "value": 2}}, {"model": "clusters.score", "pk": 369, "fields": {"person": 1, "dimension": 47, "value": 2}}, {"model": "clusters.score", "pk": 370, "fields": {"person": 2, "dimension": 47, "value": 0}}, {"model": "clusters.score", "pk": 371, "fields": {"person": 3, "dimension": 47, "value": 1}}, {"model": "clusters.score", "pk": 372, "fields": {"person": 4, "dimension": 47, "value": 5}}, {"model": "clusters.score", "pk": 373, "fields": {"person": 5, "dimension": 47, "value": 5}}, {"model": "clusters.score", "pk": 374, "fields": {"person": 6, "dimension": 47, "value": 5}}, {"model": "clusters.score", "pk": 375, "fields": {"person": 7, "dimension": 47, "value": 4}}, {"model": "clusters.score", "pk": 376, "fields": {"person": 8, "dimension": 47, "value": 0}}, {"model": "clusters.score", "pk": 377, "fields": {"person": 1, "dimension": 48, "value": 2}}, {"model": "clusters.score", "pk": 378, "fields": {"person": 2, "dimension": 48, "value": 5}}, {"model": "clusters.score", "pk": 379, "fields": {"person": 3, "dimension": 48, "value": 0}}, {"model": "clusters.score", "pk": 380, "fields": {"person": 4, "dimension": 48, "value": 1}}, {"model": "clusters.score", "pk": 381, "fields": {"person": 5, "dimension": 48, "value": 1}}, {"model": "clusters.score", "pk": 382, "fields": {"person": 6, "dimension": 48, "value": 2}}, {"model": "clusters.score", "pk": 383, "fields": {"person": 7, "dimension": 48, "value": 0}}, {"model": "clusters.score", "pk": 384, "fields": {"person": 8, "dimension": 48, "value": 4}}, {"model": "clusters.score", "pk": 385, "fields": {"person": 1, "dimension": 49, "value": 2}}, {"model": "clusters.score", "pk": 386, "fields": {"person": 2, "dimension": 49, "value": 0}}, {"model": "clusters.score", "pk": 387, "fields": {"person": 3, "dimension": 49, "value": 1}}, {"model": "clusters.score", "pk": 388, "fields": {"person": 4, "dimension": 49, "value": 3}}, {"model": "clusters.score", "pk": 389, "fields": {"person": 5, "dimension": 49, "value": 0}}, {"model": "clusters.score", "pk": 390, "fields": {"person": 6, "dimension": 49, "value": 0}}, {"model": "clusters.score", "pk": 391, "fields": {"person": 7, "dimension": 49, "value": 4}}, {"model": "clusters.score", "pk": 392, "fields": {"person": 8, "dimension": 49, "value": 4}}, {"model": "clusters.score", "pk": 393, "fields": {"person": 1, "dimension": 50, "value": 1}}, {"model": "clusters.score", "pk": 394, "fields": {"person": 2, "dimension": 50, "value": 3}}, {"model": "clusters.score", "pk": 395, "fields": {"person": 3, "dimension": 50, "value": 3}}, {"model": "clusters.score", "pk": 396, "fields": {"person": 4, "dimension": 50, "value": 2}}, {"model": "clusters.score", "pk": 397, "fields": {"person": 5, "dimension": 50, "value": 5}}, {"model": "clusters.score", "pk": 398, "fields": {"person": 6, "dimension": 50, "value": 3}}, {"model": "clusters.score", "pk": 399, "fields": {"person": 7, "dimension": 50, "value": 4}}, {"model": "clusters.score", "pk": 400, "fields": {"person": 8, "dimension": 50, "value": 4}}, {"model": "clusters.score", "pk": 401, "fields": {"person": 1, "dimension": 51, "value": 3}}, {"model": "clusters.score", "pk": 402, "fields": {"person": 2, "dimension": 51, "value": 4}}, {"model": "clusters.score", "pk": 403, "fields": {"person": 3, "dimension": 51, "value": 1}}, {"model": "clusters.score", "pk": 404, "fields": {"person": 4, "dimension": 51, "value": 1}}, {"model": "clusters.score", "pk": 405, "fields": {"person": 5, "dimension": 51, "value": 1}}, {"model": "clusters.score", "pk": 406, "fields": {"person": 6, "dimension": 51, "value": 2}}, {"model": "clusters.score", "pk": 407, "fields": {"person": 7, "dimension": 51, "value": 4}}, {"model": "clusters.score", "pk": 408, "fields": {"person": 8, "dimension": 51, "value": 2}}, {"model": "clusters.score", "pk": 409, "fields": {"person": 1, "dimension": 52, "value": 0}}, {"model": "clusters.score", "pk": 410, "fields": {"person": 2, "dimension": 52, "value": 2}}, {"model": "clusters.score", "pk": 411, "fields": {"person": 3, "dimension": 52, "value": 0}}, {"model": "clusters.score", "pk": 412, "fields": {"person": 4, "dimension": 52, "value": 1}}, {"model": "clusters.score", "pk": 413, "fields": {"person": 5, "dimension": 52, "value": 5}}, {"model": "clusters.score", "pk": 414, "fields": {"person": 6, "dimension": 52, "value": 0}}, {"model": "clusters.score", "pk": 415, "fields": {"person": 7, "dimension": 52, "value": 1}}, {"model": "clusters.score", "pk": 416, "fields": {"person": 8, "dimension": 52, "value": 1}}]